"Table PORT0101: All UK major and minor port freight tonnage traffic, by port and year (filter by direction) from 1965",,,,,,,,,,,,,,,,,,,,,,,,,,,,,,,,,,,,,,,,,,,,,,,,,,,,
"To view the data in this table, you will need to 'enable editing'. You can either click on the yellow banner at the top or use F2 and select enable content. ",,,,,,,,,,,,,,,,,,,,,,,,,,,,,,,,,,,,,,,,,,,,,,,,,,,,
"This worksheet contains one table and formulas are used in the table. To view all unfiltered data please see the data tab.. Notes are used throughout, please see the notes tab to find the related note text.",,,,,,,,,,,,,,,,,,,,,,,,,,,,,,,,,,,,,,,,,,,,,,,,,,,,
"Some shorthand is used in this table, 0 is used for a true zero, ""z"" is not applicable and ""LOW"" means the figure is less than half of the smallest unit displayed. ",,,,,,,,,,,,,,,,,,,,,,,,,,,,,,,,,,,,,,,,,,,,,,,,,,,,
The figures in this table are in thousand tonnes.,,,,,,,,,,,,,,,,,,,,,,,,,,,,,,,,,,,,,,,,,,,,,,,,,,,,
"To see the years prior to 2000, please click the plus symbol at the top of the page above column AE.",,,,,,,,,,,,,,,,,,,,,,,,,,,,,,,,,,,,,,,,,,,,,,,,,,,,
"Filters are used throughout this table. The drop-down menu is available in cell B8, to use the filter, select the cell, then either click on the arrow and select the value or hold alt and the down arrow then use the left and right arrows to select the value. ",,,,,,,,,,,,,,,,,,,,,,,,,,,,,,,,,,,,,,,,,,,,,,,,,,,,
Direction,Both Directions,,,,,,,,,,,,,,,,,,,,,,,,,,,,,,,,,,,,,,,,,,,,,,,,,,,
Ports,Port Group [Note 1],Port Type,1965,1970,1975,1976,1977,1978,1979,1980,1981,1982,1983,1984,1985,1986,1987,1988,1989,1990,1991,1992,1993,1994,1995,1996,1997,1998,1999,2000,2001,2002,2003,2004,2005,2006,2007,2008,2009,2010,2011,2012,2013,2014,2015,2016,2017,2018,2019,"2020 
[Note 11, 12] ",2021 [Note 12],2022
Aberdeen,Scotland East Coast,Major Port,"1,266","1,327","1,512","1,625","1,459","1,534","2,016","2,033","2,042","1,933","2,213","2,317","2,495","2,227","2,437","2,879","3,164","3,920","4,057","3,979","3,800","3,479","3,644","3,992","4,013","3,786","3,368","3,377","3,845","3,645","3,233","3,888","4,609","4,663","5,131","4,833","4,570","4,164","4,165","4,493","4,263","4,231","4,376","3,770","4,058","4,138","4,195","3,387","3,563","3,404"
Belfast,Northern Ireland,Major Port,z,z,z,z,z,z,z,"5,796","5,008","5,186","5,719","5,247","5,983","6,131","6,943","7,315","7,221","8,065","8,448","9,517","9,279","9,898","10,457","12,480","12,344","12,510","12,862","12,484","13,402","12,825","13,201","13,559","13,500","13,514","13,416","13,040","12,050","12,827","13,561","15,186","16,783","16,793","16,700","17,553","18,226","18,939","18,518","18,578","19,867","18,372"
Boston,Wash & Northern E Anglia,Major Port,618,541,719,781,825,903,"1,029",974,"1,033","1,163","1,117","1,361","1,416","1,538","1,479","1,404","1,311","1,264","1,201","1,297","1,328","1,083","1,081","1,299","1,235","1,258","1,179","1,265",847,766,"1,035",705,767,834,836,961,702,951,838,829,724,824,852,850,738,711,821,761,842,650
Bristol,Bristol Channel,Major Port,"9,285","7,491","5,289","4,779","4,794","5,194","5,281","4,918","4,088","3,936","3,942","3,813","3,834","4,085","4,026","4,454","4,612","4,852","4,399","4,897","5,057","7,074","7,319","5,907","7,041","7,710","7,615","9,647","10,895","10,083","11,439","10,759","11,206","12,261","11,178","11,527","8,999","7,272","8,202","10,762","10,633","11,421","8,877","8,531","8,741","8,446","8,190","6,479","7,031","8,528"
Cairnryan [Note 2],Scotland West Coast,Major Port,z,z,z,z,z,z,z,948,z,957,922,952,"1,050","1,054","1,163","1,171","1,233","1,114",949,"1,073","1,234","1,233","1,991","2,025","2,227","2,504","2,437","2,283","2,014","2,099","2,328","2,849","3,274","3,145","3,163","2,928","2,572","2,634","2,932","2,610","2,364","2,368","2,548","2,740","2,847","2,857","2,705","2,695","3,129","3,663"
Cardiff,Bristol Channel,Major Port,"2,654","3,697","3,245","3,133","2,876","1,906","2,534","2,618","1,972","1,593","1,829","1,847","2,011","2,273","2,615","2,129","2,270","2,466","2,464","2,535","2,280","2,484","2,369","2,541","2,857","2,452","2,661","2,699","2,739","2,209","2,287","2,504","2,450","2,873","3,057","2,596","1,992","2,232","2,025","1,830","1,712","1,731","1,791","1,604","1,574","1,770","1,697","1,333","1,573","1,317"
Clyde,Scotland West Coast,Major Port,"15,304","18,034","13,585","11,433","10,273","10,785","11,816","8,845","7,870","9,022","9,557","10,505","9,912","9,694","8,665","9,328","8,928","8,880","8,191","6,193","4,527","6,781","7,573","7,201","7,494","8,127","8,495","7,224","11,069","9,733","9,214","11,507","15,737","14,981","12,063","14,338","12,552","12,283","13,431","15,421","14,783","16,201","12,484","8,742","8,865","9,087","8,801","6,933","8,409","9,812"
Cromarty Firth [Note 3],Scotland East Coast,Major Port,220,271,"1,297",786,811,806,730,799,"1,070","2,160","1,813","2,734","3,130","2,294","1,795","1,729","1,610","1,386","1,311",992,"1,187","2,470","2,264","4,328","3,971","4,456","2,336","2,329","2,145","2,658","3,501","3,208","3,325","3,206","3,502","2,252","2,864","3,663","4,020","2,628","3,378","1,591",262,395,227,275,929,421,424,483
Dover,Thames and Kent,Major Port,"1,393","2,102","3,716","4,156","5,092","5,546","6,402","6,678","6,908","7,696","8,526","8,993","9,267","9,851","10,644","10,417","13,545","13,031","12,044","13,117","13,773","14,115","12,671","13,224","19,073","17,690","19,387","17,434","19,074","20,212","18,796","20,753","21,145","23,805","25,144","24,344","25,087","24,093","24,251","22,902","25,295","27,605","27,299","27,326","26,223","24,943","23,433","21,889","19,874","18,369"
Dundee,Scotland East Coast,Major Port,539,957,855,968,936,865,960,"1,018",760,776,847,936,921,935,962,977,"1,049","1,274","1,208","1,055",983,"1,032","1,076","1,150","1,124","1,061","1,072","1,047","1,101","1,103","1,016","1,058","1,222","1,202","1,035",978,810,962,929,842,815,517,515,534,566,608,503,430,452,535
Felixstowe,Haven,Major Port,z,"2,242","4,116","4,403","4,552","4,769","5,313","6,536","6,585","7,600","8,360","9,311","10,071","10,808","13,268","15,602","16,502","16,448","16,126","18,049","20,333","22,116","24,082","25,778","28,881","30,025","31,466","29,686","28,354","25,119","22,282","23,413","23,144","24,370","25,685","24,988","24,267","25,756","26,817","26,268","26,214","28,127","27,971","28,202","29,028","28,268","25,344","23,081","21,469","22,197"
Fishguard,West and North Wales,Major Port,60,87,230,204,240,277,218,289,239,244,225,255,286,399,383,270,303,427,402,247,449,442,479,442,420,387,395,421,341,408,474,522,513,597,572,560,366,416,345,335,342,378,378,304,381,443,505,415,207,242
Fleetwood [Note 10],Lancs and Cumbria,Major Port,259,253,"1,025","1,490","1,524","1,882","1,824","1,944","1,894","2,070","2,113","2,031","1,879","2,076","1,846","1,138","1,050","1,381","1,401","1,244","1,442","1,198","1,236","1,288","1,362","1,106","1,368","1,530","1,608","1,521","1,624","1,662","1,635","1,670","1,772","1,571","1,327","1,137",z,z,z,z,z,z,z,z,z,z,z,z
Forth,Scotland East Coast,Major Port,"6,079","8,278","8,405","13,741","25,077","28,816","29,133","28,794","26,621","27,537","28,767","29,812","29,054","28,790","30,049","29,015","22,866","25,433","22,864","23,270","26,374","44,359","47,083","45,583","43,102","44,400","45,396","41,143","41,607","42,202","38,752","34,892","34,218","31,556","36,681","39,054","36,690","34,335","27,878","25,332","26,365","24,608","27,074","27,439","27,544","26,587","25,221","23,032","19,777","20,529"
Fowey,West Country,Major Port,640,875,979,"1,041","1,143","1,105","1,194","1,190","1,078","1,006","1,155","1,351","1,511","1,585","1,702","1,860","1,759","1,566","1,440","1,416","1,550","1,569","1,656","1,470","1,538","1,624","1,451","1,527","1,535","1,453","1,447","1,330","1,270","1,103","1,121",935,774,773,688,641,656,581,513,493,482,449,346,239,388,353
Glensanda,Scotland West Coast,Major Port,z,z,z,z,z,z,z,z,z,z,z,z,z,201,"1,050","2,802","3,021","3,320","4,399","4,736","4,855","4,693","4,859","4,486","4,401","5,140","5,217","5,899","5,471","5,846","5,322","5,189","5,439","6,004","7,050","6,336","5,591","5,846","6,060","5,541","5,746","6,347","5,597","5,487","6,138","5,943","6,646","5,458","6,123","6,041"
Goole,Humber,Major Port,"2,166","2,227","1,775","1,890","1,779","1,880","1,959","1,448","1,351","1,429","1,582","1,418","1,404","1,402","1,816","2,210","1,953","1,739","1,595","1,686","1,706","2,048","2,304","2,435","2,760","2,648","2,650","2,711","2,633","2,265","1,913","2,174","2,623","2,215","2,281","2,159","1,635","1,936","1,848","1,291","1,377","1,304","1,327","1,379","1,440","1,460","1,242","1,044","1,228","1,158"
Great Yarmouth,Wash & Northern E Anglia,Major Port,"1,121","1,253","1,385","1,106","1,251","1,459","1,324","1,385","1,499","1,682","2,093","2,796","2,361","2,577","2,637","3,051","3,206","3,043","2,683","1,959","1,883","2,433","1,789","1,472","1,577","1,865","1,216",757,666,711,778,607,763,950,900,784,659,855,827,889,840,"1,137","1,096","1,283","1,197","1,182","1,286","1,243","1,445","1,687"
Grimsby & Immingham,Humber,Major Port,"8,347","23,659","22,010","24,186","23,341","25,925","26,251","22,153","26,494","27,631","29,004","26,819","29,122","31,980","32,244","34,960","38,056","39,357","40,226","40,821","41,290","42,866","46,790","46,813","47,991","48,387","49,757","52,501","54,831","55,731","55,931","57,616","60,686","64,033","66,279","65,267","54,708","54,029","57,227","60,091","62,614","59,370","59,103","54,403","54,034","55,617","51,245","45,611","50,027","50,166"
Harwich,Haven,Major Port,584,"2,149","2,285","2,778","2,871","3,286","3,257","3,171","3,130","2,894","3,418","3,731","3,880","2,894","2,601","3,004","4,035","4,225","4,430","4,685","3,612","3,490","3,555","3,460","3,523","3,281","4,059","3,990","2,623","3,495","4,330","4,264","4,221","4,176","3,784","3,739","2,942","3,141","3,090","3,189","3,638","3,888","4,550","4,565","4,755","4,196","4,273","4,088","4,572","4,382"
Heysham,Lancs and Cumbria,Major Port,"3,563",586,593,779,828,776,938,885,542,619,531,672,926,809,"1,261","1,314","1,490","1,485","1,620","1,918","2,205","2,809","2,708","3,124","4,069","3,585","3,370","3,723","3,824","3,705","4,083","3,539","3,676","4,014","3,586","3,185","3,102","3,461","4,291","4,035","3,920","4,472","4,557","4,590","4,630","4,703","4,536","4,067","4,909","5,101"
Holyhead,West and North Wales,Major Port,301,314,783,771,948,"1,002",995,"1,243","1,229",912,"1,132","1,146","1,174","1,124","1,253","1,411","1,512","1,247",908,919,"1,017","1,052","2,307","2,541","2,951","3,407","3,437","3,444","3,229","3,288","3,329","3,945","4,147","4,153","3,468","3,419","2,852","2,658","3,148","3,087","3,212","3,663","4,455","4,943","5,237","5,222","5,326","5,858","3,757","4,100"
Hull,Humber,Major Port,"9,440","7,175","4,543","4,499","4,252","3,856","3,565","3,768","3,943","4,018","3,572","4,035","4,524","5,305","5,650","5,122","5,277","6,829","7,494","8,609","8,966","10,181","9,998","9,721","10,047","10,249","10,119","10,722","10,586","10,298","10,529","12,443","13,363","12,785","12,497","12,249","9,771","9,236","9,286","10,081","10,910","10,925","10,029","10,167","9,824","9,752","9,197","9,208","9,396","8,752"
Ipswich,Haven,Major Port,"1,901","2,492","2,538","2,425","2,697","2,783","3,141","2,811","2,775","3,172","3,836","4,111","3,838","4,491","4,581","4,752","5,035","4,692","4,611","4,527","4,127","4,593","3,492","2,069","1,956","2,184","2,391","2,925","2,924","3,336","3,888","3,557","3,578","3,505","2,797","2,572","2,814","2,875","2,544","2,206","1,689","1,929","2,293","2,559","2,177","2,071","2,365","2,237","2,312","2,688"
Kilroot Power Station Jetty,Northern Ireland,Major Port,z,z,z,z,z,z,z,z,z,z,z,z,z,z,z,"1,088","1,558","1,645","1,751","1,489","1,865","1,796","1,923","1,707","1,149","1,162","1,098","1,196","1,264","1,054","1,041","1,114",977,"1,155",803,867,532,784,623,"1,039","1,121",995,895,843,656,579,501,503,494,411
Larne,Northern Ireland,Major Port,z,z,z,z,z,z,z,"2,847","2,954","3,168","3,221","3,400","3,597","3,654","3,743","3,753","3,880","4,001","3,748","3,796","4,334","4,604","4,673","3,452","3,153","3,389","4,032","4,508","3,520","4,295","4,319","4,984","5,496","5,489","5,464","5,166","4,297","4,614","4,395","2,913","2,369","2,378","2,559","2,770","2,872","2,902","2,767","2,727","3,192","3,691"
Liverpool,Lancs and Cumbria,Major Port,"31,683","28,789","23,426","22,050","19,140","16,504","15,268","12,335","11,366","9,800","11,256","10,753","10,363","10,688","10,189","19,571","20,189","23,183","24,764","27,795","30,504","29,465","29,987","30,874","30,841","30,357","28,913","30,421","30,288","30,413","31,684","32,233","33,775","33,550","32,258","32,204","29,936","30,020","32,660","32,924","31,149","30,996","31,256","31,901","32,541","32,613","34,315","31,060","34,454","33,622"
Loch Ryan [Note 4],Scotland West Coast,Major Port,z,z,z,z,z,z,z,z,z,z,z,z,z,z,z,z,z,z,z,z,z,z,z,z,z,z,z,z,z,z,z,z,z,z,z,z,z,z,z,"1,815","2,136","2,038","2,163","2,356","2,388","2,546","2,650","2,616","2,729","2,749"
London,Thames and Kent,Major Port,"64,611","63,817","50,298","53,184","54,798","52,961","52,083","54,200","48,959","46,939","46,952","47,806","51,596","53,552","48,876","53,705","54,034","58,148","52,831","48,949","50,932","51,775","51,362","52,869","55,692","57,311","52,206","47,892","50,654","51,185","51,028","53,289","53,843","51,911","52,739","52,965","45,442","48,062","48,796","43,742","43,205","44,489","45,430","50,380","49,868","53,196","54,035","47,358","51,773","54,880"
Londonderry,Northern Ireland,Major Port,z,z,z,z,z,z,z,914,777,797,806,754,775,912,758,909,792,729,795,744,789,"1,008","1,044","1,084","1,138","1,127","1,216","1,133","1,060","1,065","1,172","1,392","1,151","1,690","1,934","1,839","1,619","1,757","1,740","1,659","1,871","1,794","1,759","1,849","1,808","1,854","1,909","1,760","1,831","1,889"
Manchester,Lancs and Cumbria,Major Port,"15,816","15,951","14,520","15,417","14,159","14,628","13,545","12,695","11,593","11,963","11,402","10,735","9,510","9,754","9,157","8,215","8,063","8,133","7,546","7,484","7,438","7,686","8,379","8,529","7,939","7,409","7,825","7,687","7,879","6,279","6,088","6,634","7,222","8,049","8,079","7,438","6,670","7,084","7,355","6,438","7,489","7,125","6,528","6,134","6,789","6,789","7,307","7,112","7,354","6,215"
Medway,Thames and Kent,Major Port,"22,280","26,911","21,667","20,863","20,501","20,542","18,880","17,161","15,809","12,580","8,580","11,548","10,352","10,379","11,628","12,731","14,010","13,593","16,077","14,335","13,602","14,660","14,214","14,111","13,803","15,528","13,973","15,292","14,853","14,840","15,619","14,535","15,470","18,957","15,417","14,971","13,150","13,971","16,076","12,649","8,384","8,447","9,091","9,170","8,694","10,205","13,141","9,694","9,879","13,373"
Milford Haven,West and North Wales,Major Port,"24,845","41,296","44,910","43,465","38,798","41,236","41,480","39,295","32,526","35,956","30,743","32,067","32,375","29,966","32,669","33,264","33,026","32,180","35,668","35,592","35,740","34,294","32,473","36,587","34,518","28,783","32,187","33,768","33,792","34,543","32,737","38,452","37,547","34,307","35,496","35,875","39,293","42,788","48,699","39,832","41,105","34,309","37,684","34,768","31,990","30,935","34,951","33,583","30,322","38,902"
Newhaven,Sussex and Hampshire,Major Port,387,624,"1,274","1,405","1,361","1,327","1,335","1,207","1,166","1,064","1,328","1,581","1,608","1,822","1,794","2,062","2,308","1,964","1,191",837,"1,187","1,216",989,"1,325","1,241","1,012",461,578,998,863,949,929,876,"1,046","1,003","1,196",861,824,754,793,706,699,864,803,707,689,778,865,986,"1,140"
Newport,Bristol Channel,Major Port,"4,498","3,733","3,472","2,582","2,159","2,199","2,433","1,985","2,533","2,015","2,388","2,455","2,508","2,372","2,660","3,292","3,479","3,206","3,299","3,296","2,794","2,262","2,523","2,684","2,974","2,628","2,532","2,673","2,980","3,111","2,790","3,448","3,971","3,846","2,843","3,195","2,734","2,068","2,444","2,464","2,442","2,617","2,571","2,751","3,450","2,819","2,588","2,329","2,769","2,561"
Orkney,Scotland East Coast,Major Port,z,z,444,z,"8,999","15,564","17,752","15,407","15,647","15,867","16,057","16,053","16,089","15,835","17,111","8,031","4,491","8,609","9,164","8,520","11,852","14,097","12,879","11,448","10,483","16,156","16,998","22,798","18,407","18,812","14,422","17,934","14,534","11,249","10,592","4,789","3,241","3,244","2,344","1,729","1,054","1,151","3,945","4,615","4,852","3,470","3,050","2,670","2,778","2,222"
Peterhead,Scotland East Coast,Major Port,16,29,615,498,469,519,454,750,916,"1,051","1,236","2,173","1,435","1,247",918,"1,997","1,291","1,594","2,024","1,833","1,467","1,424","1,304","1,458",819,"2,818","2,209","1,123","1,339","1,343","1,051",676,928,947,790,871,797,"1,107","1,054","1,024",971,"1,377","1,468","1,148","1,288","1,131","1,090",976,966,776
Plymouth,West Country,Major Port,"1,647","1,922","1,381","1,504","1,634","1,675","1,920","1,699","1,410","1,551","1,595","1,760","1,589","1,600","1,524","1,681","1,718","1,498","1,583","1,610","1,613","1,626","1,650","1,841","1,773","1,310","1,671","1,799","1,877","1,854","2,053","2,167","2,308","2,452","2,486","2,322","1,944","2,208","2,141","2,374","2,161","2,089","2,217","2,343","2,384","2,441","2,431","1,935","2,317","1,983"
Poole,West Country,Major Port,"1,028","1,131","1,021",990,"1,052","1,099","1,212","1,269","1,310","1,475","1,535","1,527","1,538","1,592","1,677","1,927","1,878","1,891","1,780","1,856","1,902","1,823","1,727","1,668","1,768","1,700","1,581","1,296","1,819","1,798","1,640","1,754","1,712","1,806","1,405","1,518","1,127",982,950,752,634,573,582,657,818,832,812,499,532,583
Port Talbot,Bristol Channel,Major Port,"3,695","3,721","3,656","5,372","4,442","5,100","6,328","2,440","5,248","5,312","5,727","6,647","6,789","6,126","7,616","7,804","8,712","8,905","9,418","9,403","10,127","11,092","11,028","12,208","13,050","13,302","11,821","11,725","8,271","4,971","7,819","8,555","8,573","8,659","9,052","8,147","5,156","8,832","7,056","5,572","8,477","9,476","8,113","7,799","7,589","6,635","6,713","6,676","7,406","5,980"
Portsmouth,Sussex and Hampshire,Major Port,906,"1,173","1,139","1,070","1,102","1,318","1,308","1,421","1,424","1,217","1,276","1,572","1,991","2,038","2,438","2,848","2,736","2,637","3,291","3,374","3,759","4,194","4,392","4,446","4,543","4,527","4,317","4,521","4,282","4,365","4,222","4,940","4,931","4,205","3,961","3,937","3,954","3,718","3,772","3,487","3,613","3,786","3,776","3,890","3,866","3,488","3,621","3,154","2,982","2,914"
Ramsgate,Thames and Kent,Major Port,46,60,37,37,45,41,45,53,57,186,404,"1,217","1,339","1,296","1,645","1,876","2,527","2,863","3,603","3,768","4,209","4,701","4,829","3,681","2,208","1,869","1,207","1,237","1,432","1,848","1,789","1,702","1,872","1,704","2,015","1,968","1,591","1,739","1,144",879,216,14,26,70,59,84,96,69,42,43
River Trent [Note 5],Humber,Major Port,z,z,z,z,z,z,z,"2,321","2,584","3,263","3,311","4,997","3,764","3,694","3,351","3,347","4,037","3,162","2,821","2,665","2,686","2,774","2,963","2,693","2,587","2,360","2,193","2,450","2,396","2,346","2,309","2,329","1,924","2,062","2,207","1,984","1,096","1,361","1,283","1,244","1,313","1,489","1,173","1,255","1,141","1,109","1,047",712,867,906
Rivers Hull and Humber [Note 5],Humber,Major Port,z,z,z,"6,615","6,202","7,042","7,985","4,142","4,017","4,179","4,994","5,881","6,299","7,010","7,333","8,721","7,991","7,554","7,155","7,140","7,171","6,326","6,389","6,464","7,562","10,197","8,830","9,015","7,846","8,902","10,025","9,242","9,843","9,774","9,370","9,351","9,466","10,034","10,187","10,283","9,674","9,986","8,264","10,155","9,945","10,069","10,699","10,481","9,562","10,957"
Shoreham,Sussex and Hampshire,Major Port,"2,918","2,981","2,212","2,220","2,336","2,628","3,047","2,906","2,605","2,628","2,834","2,652","2,662","2,388","2,333","2,490","2,695","2,641","2,222","2,038","1,837","2,159","2,030","1,598","1,812","1,811","1,708","1,762","1,804","1,786","1,725","1,686","1,828","1,797","1,989","1,792","1,735","1,851","2,081","1,903","1,600","1,826","1,909","2,086","2,063","2,124","1,992","1,796","1,816","1,567"
Southampton,Sussex and Hampshire,Major Port,"24,363","28,226","25,345","27,250","24,445","24,041","25,214","23,887","20,853","21,641","25,287","27,417","25,162","25,738","27,212","31,424","26,116","28,849","31,528","29,803","30,939","31,537","32,383","34,193","33,053","34,259","33,289","34,773","35,689","34,156","35,773","38,431","39,947","40,556","43,815","40,974","37,228","39,365","37,878","38,107","35,797","36,688","37,660","36,046","34,471","34,468","33,151","27,577","27,598","31,278"
Stranraer [Note 4],Scotland West Coast,Major Port,45,378,977,"1,097","1,290","1,291","1,270","1,009",973,"1,332","1,424","1,527","1,485","1,554","1,535","1,653","1,775","1,737","1,751","1,591","1,717","1,813","1,868","1,646","1,794","1,780","1,690","1,506","1,404","1,273","1,274","1,277","1,165","1,222","1,231","1,190","1,177","1,017",986,z,z,z,z,z,z,z,z,z,z,z
Sullom Voe,Scotland East Coast,Major Port,z,z,z,z,z,"1,126","19,973","28,519","39,086","46,273","54,326","59,692","59,043","57,184","50,027","50,562","40,667","36,011","35,919","41,430","39,374","38,592","38,335","38,162","32,082","31,109","37,680","38,204","31,166","29,376","26,360","23,939","20,541","19,447","16,573","14,539","11,217","11,270","10,153","11,398","6,394","7,185","6,120","6,183","5,179","5,329","7,371","6,829","6,194","5,629"
Sunderland,North East,Major Port,"3,332","2,277","1,924","2,310","1,888","2,424","2,875","2,810","3,313","3,224","3,552","1,224","2,511","2,278","1,825","2,012","2,272","2,533","2,272","2,004","2,079","1,117","1,188","1,219","1,305",999,"1,037",934,"1,021",928,"1,020","1,117",920,904,"1,024",805,651,407,504,455,596,686,748,722,835,870,788,785,953,720
Swansea,Bristol Channel,Major Port,"6,583","8,121","6,547","6,431","5,656","5,920","6,080","5,395","5,116","5,761","5,676","5,557","5,220","5,632","5,078","5,310","5,001","4,857","5,791","5,714","5,370","4,382","3,989","4,139","3,674","3,137","1,650","1,014","1,261","1,069",848,721,695,634,683,589,401,604,561,595,540,527,518,520,542,528,455,430,399,327
Tees & Hartlepool,North East,Major Port,"12,116","22,719","20,182","31,848","31,447","34,064","40,242","39,379","35,585","35,733","33,840","32,638","30,556","30,695","33,899","37,408","39,292","40,248","42,857","43,392","42,741","42,994","46,076","44,639","51,249","51,453","49,316","51,473","50,842","50,447","53,842","53,819","55,790","53,348","49,779","45,436","39,163","35,697","35,198","33,967","37,641","39,537","35,849","26,873","28,447","28,836","28,156","29,256","26,831","25,378"
Tyne,North East,Major Port,"8,971","7,647","5,555","5,256","5,540","5,738","6,384","5,730","6,180","6,076","5,608","4,012","5,421","6,548","7,057","7,619","7,596","6,298","5,952","5,684","3,945","3,809","4,099","2,954","2,083","2,136","2,210","2,391","2,469","2,656","2,763","2,973","3,357","4,077","4,613","5,417","3,540","3,217","5,332","6,494","8,116","6,701","4,995","3,655","3,253","4,404","4,681","3,855","3,972","3,132"
Warrenpoint,Northern Ireland,Major Port,z,z,z,z,z,z,z,717,554,651,748,736,811,769,"1,003","1,083","1,189","1,413","1,461","1,616","1,949","2,131","1,683",976,"1,344","1,563","1,715","1,676","1,480","1,826","1,880","1,967","2,436","2,307","1,999","2,119","1,841","2,327","2,425","2,429","2,707","2,866","2,920","3,169","3,259","3,446","3,321","3,199","3,613","3,240"
Total Major Ports,Total Major Ports,Major Port,"295,526","347,516","311,487","338,438","345,032","364,342","396,993","392,737","382,692","396,938","408,378","424,574","426,432","430,841","436,122","464,698","454,333","467,527","472,732","476,497","487,177","518,857","529,162","533,484","541,598","551,036","549,269","555,612","549,455","542,114","538,977","558,183","570,145","568,763","566,617","548,079","489,556","498,488","506,996","489,450","491,755","491,856","485,729","472,772","470,683","472,056","471,739","428,994","435,386","449,597"
Anglesey Marine Terminal,West and North Wales,Minor Port,z,z,z,z,"3,043","5,093","5,770","6,831","5,830","5,917","3,435","6,470","7,763","7,388","7,723","1,083",z,z,z,z,z,z,z,z,z,z,z,z,z,z,z,z,z,z,z,z,z,z,z,z,z,z,z,z,z,z,z,z,z,z
Appledore,Bristol Channel,Minor Port,z,z,z,z,z,z,z,z,z,96,118,95,89,108,124,126,107,110,90,69,59,78,94,86,91,90,83,92,98,85,78,12,90,75,64,66,46,51,37,38,31,28,26,19,11,0,0,0,0,0
Ardrishaig,Scotland West Coast,Minor Port,z,z,z,z,z,z,z,z,z,13,12,10,10,14,17,13,15,15,10,2,2,9,33,4,4,10,5,47,45,54,98,133,136,171,149,107,63,111,124,59,100,109,107,57,45,12,62,65,26,25
Ayr,Scotland West Coast,Minor Port,972,569,634,600,659,694,808,835,744,761,880,377,784,563,818,656,"1,042","1,220","1,200",693,467,488,594,636,499,346,229,283,274,241,291,401,418,419,553,557,335,558,402,304,470,355,280,306,240,270,339,281,281,233
Bangor,Northern Ireland,Minor Port,z,z,z,z,z,z,z,z,z,z,z,z,z,z,z,3,0,1,z,z,z,z,z,z,z,z,z,z,z,z,z,z,z,z,z,z,z,z,z,z,z,z,z,z,z,z,z,z,z,z
"Barnstaple [Note 8, 9]",Bristol Channel,Minor Port,z,z,z,z,z,z,z,z,z,132,127,136,128,128,159,150,150,157,164,141,54,43,35,30,26,42,45,24,23,37,35,87,26,2,z,z,z,z,z,z,46,35,28,11,15,53,0,0,0,0
Barra Castlebay,Scotland West Coast,Minor Port,z,z,z,z,z,z,z,z,z,z,z,z,z,z,z,z,z,z,z,z,z,z,z,z,z,z,z,z,z,z,z,z,z,z,1,z,z,z,z,z,z,z,z,z,z,z,z,z,z,z
Barrow,Lancs and Cumbria,Minor Port,305,133,67,70,67,89,65,44,43,30,40,73,85,101,110,118,114,242,169,233,264,284,274,247,261,275,247,231,225,279,241,206,151,145,192,206,112,320,298,394,169,234,142,118,167,111,144,113,101,180
Barry,Bristol Channel,Minor Port,"2,032","1,808",837,822,896,984,812,760,814,609,641,842,"1,115","1,091",857,"1,041",993,997,926,920,618,498,424,405,384,433,445,597,586,547,457,403,443,515,456,465,327,281,259,274,266,303,300,272,292,314,247,215,202,148
Berwick-On-Tweed,North East,Minor Port,z,56,169,88,95,93,85,63,90,95,79,95,109,127,98,124,122,143,140,124,101,157,169,191,143,139,135,146,110,89,134,89,76,94,83,94,60,65,87,86,101,59,51,50,41,35,46,29,29,86
Bideford,Bristol Channel,Minor Port,z,z,z,z,z,z,z,z,z,41,43,47,49,58,58,57,66,78,61,62,73,56,70,72,65,106,78,81,75,22,43,39,42,57,62,31,14,15,46,54,22,13,13,15,13,9,9,8,11,3
Blyth,North East,Minor Port,"5,406","3,458","3,399","3,152","2,941","2,852","3,410","3,463","4,888","4,358","4,073","1,850","3,769","3,303","3,227","2,468","2,143","1,671","1,339",809,"1,355","1,300","1,173",894,801,"1,135",807,933,761,786,885,892,915,"1,147","1,464","1,069",766,842,"1,094",701,577,505,638,744,639,528,568,449,598,528
Bridgwater,Bristol Channel,Minor Port,405,640,434,404,461,459,473,465,453,431,419,474,431,446,388,151,165,165,131,127,80,77,80,88,69,67,59,84,104,86,101,105,106,91,50,46,31,40,45,46,37,38,59,72,86,71,31,10,1,1
Bridport,West Country,Minor Port,z,z,z,z,z,z,z,z,z,5,6,6,7,1,2,z,z,z,z,z,z,z,z,z,z,z,z,z,z,z,z,z,z,z,z,z,z,z,z,z,z,z,z,z,z,z,z,z,z,z
Brightlingsea [Note 6],Thames and Kent,Minor Port,z,z,z,z,z,z,z,71,50,48,92,398,510,612,413,536,498,371,241,208,141,236,111,154,153,140,142,65,248,76,125,138,118,97,103,82,20,31,31,18,9,14,9,22,73,60,85,56,56,56
Buckie,Scotland East Coast,Minor Port,z,z,z,z,z,z,z,z,z,32,38,67,119,90,77,51,55,49,62,67,85,72,73,114,116,142,150,119,100,96,76,79,96,95,108,102,105,108,113,90,110,74,83,91,79,84,76,99,81,108
Burghead,Scotland East Coast,Minor Port,z,z,z,z,z,z,z,z,z,15,7,7,5,6,2,4,4,44,30,31,31,33,19,16,14,3,11,z,z,z,z,z,z,z,z,z,z,z,z,z,z,z,z,z,z,z,z,z,z,z
Burry Port,Bristol Channel,Minor Port,z,z,z,z,z,z,z,z,z,z,z,z,z,z,z,z,z,z,z,z,z,z,z,z,z,z,z,z,z,z,z,z,z,z,z,86,91,100,71,87,102,73,110,85,120,103,158,178,152,138
Caernarfon,West and North Wales,Minor Port,64,113,105,104,100,104,113,115,104,107,110,108,103,107,98,36,31,z,z,z,z,z,z,z,z,z,z,z,z,z,z,z,z,z,z,z,z,z,z,z,z,z,z,z,z,z,z,z,z,z
Carrickfergus,Northern Ireland,Minor Port,z,z,z,z,z,z,z,222,229,239,294,272,295,338,310,362,365,320,129,71,67,76,32,11,z,z,z,z,z,z,z,z,z,z,z,z,z,z,z,z,z,z,z,z,z,z,z,z,z,z
Charlestown,West Country,Minor Port,z,z,z,z,z,z,z,z,z,45,61,63,56,64,55,56,41,59,48,48,34,28,11,10,2,6,6,z,z,z,z,z,z,z,z,z,z,z,z,z,z,z,z,z,z,z,z,z,z,z
Chichester,Sussex and Hampshire,Minor Port,z,z,z,z,z,z,z,z,z,297,426,352,321,341,490,397,360,276,318,348,256,349,360,295,223,474,622,311,402,362,357,325,155,165,226,160,115,106,112,84,141,91,129,179,161,167,30,0,0,0
Colchester,Thames and Kent,Minor Port,581,702,696,687,782,868,813,964,932,"1,177","1,066","1,520","1,198","1,145",993,987,931,741,546,418,496,424,490,450,380,330,207,163,z,z,z,z,z,z,z,z,z,z,z,z,z,z,z,z,z,z,z,z,z,z
Coleraine,Northern Ireland,Minor Port,z,z,z,z,z,z,z,158,171,191,176,73,180,194,136,138,113,38,58,43,36,16,13,22,23,21,7,21,45,54,54,53,67,55,74,61,33,41,39,39,25,30,34,39,52,46,43,27,41,42
Corpach,Scotland West Coast,Minor Port,z,z,z,z,z,z,z,z,z,7,5,16,24,34,53,53,19,45,44,48,57,44,39,11,11,8,1,0,0,0,0,2,0,0,0,161,121,150,140,211,227,291,184,148,198,228,212,129,129,129
"Cowes, Isle of Wight",Sussex and Hampshire,Minor Port,z,218,116,149,169,182,209,259,220,230,235,326,304,268,318,346,399,351,351,290,247,265,333,238,238,310,412,434,480,213,281,193,179,235,266,252,149,257,223,298,181,211,222,263,341,282,219,155,161,122
Craignure,Scotland West Coast,Minor Port,z,z,z,z,z,z,z,z,z,z,z,z,z,z,z,z,z,z,z,z,z,z,z,z,z,z,z,z,z,z,z,z,z,z,9,z,z,z,z,z,z,z,z,z,z,z,z,z,z,z
Dartmouth,West Country,Minor Port,z,z,z,z,z,z,z,z,z,16,16,15,13,13,9,8,6,5,2,2,1,0,0,0,0,0,0,0,0,0,0,0,0,z,z,z,z,z,z,z,z,z,z,z,z,z,z,z,z,z
Dean Point Quarry,West Country,Minor Port,z,z,z,z,z,z,z,z,z,255,242,224,214,209,221,161,168,197,217,128,113,76,129,72,59,93,74,109,218,187,195,147,40,z,z,z,z,z,z,z,z,z,z,z,z,z,z,z,z,z
Dutch River Wharf,Humber,Minor Port,z,z,z,z,z,z,z,z,z,z,z,z,z,z,z,z,z,z,z,z,z,z,z,z,z,z,z,12,1,4,5,2,0,0,0,1,0,0,0,0,0,0,0,z,z,z,z,z,z,z
Exmouth,West Country,Minor Port,129,101,144,210,177,207,251,220,309,403,477,585,572,558,585,564,569,37,38,58,57,38,38,43,46,52,0,0,0,0,0,0,0,0,0,0,0,0,0,0,0,0,0,z,z,z,z,z,z,z
Falmouth,West Country,Minor Port,296,333,466,245,284,241,588,400,313,299,276,253,221,218,325,485,524,591,657,502,417,378,504,461,431,484,398,598,471,406,438,352,570,697,753,722,576,540,495,476,360,333,254,214,215,227,223,152,120,86
Fareham,Sussex and Hampshire,Minor Port,z,z,z,z,z,z,z,z,z,104,29,29,65,67,61,83,75,46,41,35,47,76,90,81,69,60,43,48,49,43,49,41,31,23,z,z,z,z,z,z,z,z,z,z,z,z,z,z,z,z
Folkestone,Thames and Kent,Minor Port,15,z,359,329,358,410,489,434,471,594,526,554,476,501,476,539,626,659,473,180,204,411,73,34,347,634,462,560,251,0,112,77,94,13,25,z,z,z,z,z,z,z,z,z,z,z,z,z,z,z
Fosdyke,Wash & Northern E Anglia,Minor Port,z,z,z,z,z,z,z,z,z,48,66,81,101,121,128,120,105,81,59,36,23,41,41,33,39,32,39,56,46,z,z,z,z,z,z,z,z,z,z,z,z,z,z,z,z,z,z,z,z,z
Fraserburgh,Scotland East Coast,Minor Port,z,z,z,z,z,z,z,z,z,90,96,192,155,173,207,221,219,66,65,33,20,24,59,44,75,55,73,89,100,117,100,131,107,93,100,75,90,80,83,81,90,76,62,66,61,50,70,34,46,54
Garlieston,Scotland West Coast,Minor Port,z,z,z,z,z,z,z,z,z,3,3,8,3,1,0,1,2,2,z,z,z,z,z,z,z,z,z,z,z,z,z,z,z,z,z,z,z,z,z,z,z,z,z,z,z,z,z,z,z,z
Garston [Note 12],Lancs and Cumbria,Minor Port,"1,493","1,886","1,120","1,129","1,292","1,191","1,189","1,147","1,390","1,698","1,549",910,"1,465","1,652","1,596","1,499","1,103",756,735,614,674,747,763,684,588,572,522,472,462,443,433,511,532,570,515,467,505,555,602,623,602,499,530,556,613,492,490,476,612,496
Gill's Bay Scotland,Scotland East Coast,Minor Port,z,z,z,z,z,z,z,z,z,z,z,z,z,z,z,z,z,z,z,z,z,z,z,z,z,z,z,z,z,15,0,0,0,0,37,49,48,79,64,40,62,75,83,87,85,80,73,81,75,64
Girvan,Scotland West Coast,Minor Port,z,z,z,z,z,z,z,z,z,6,6,5,5,6,9,4,18,18,16,13,1,4,1,0,0,0,3,2,z,z,z,z,z,z,z,z,z,z,z,z,z,z,z,z,z,z,z,z,z,z
Gweek,West Country,Minor Port,z,z,z,z,z,z,z,z,z,1,0,0,0,0,1,z,z,z,z,z,z,z,z,z,z,z,z,z,z,z,z,z,z,z,z,z,z,z,z,z,z,z,z,z,z,z,z,z,z,z
Hughtown (St Mary's),West Country,Minor Port,z,z,z,z,z,z,z,z,z,z,z,z,z,z,z,z,z,z,z,z,z,z,z,z,z,z,z,z,z,z,z,z,z,z,z,z,12,21,20,17,14,37,21,18,15,15,13,11,14,13
Inverkeithing [Note 12],Scotland East Coast,Minor Port,z,z,z,z,z,z,z,z,z,1,60,~,6,0,38,47,50,77,67,189,274,188,223,186,152,140,55,225,230,287,274,213,258,284,222,181,98,170,156,172,127,168,194,213,178,175,158,127,147,178
Inverness,Scotland East Coast,Minor Port,188,275,448,489,481,508,523,520,585,624,714,774,765,658,615,578,588,644,658,737,724,778,725,745,769,763,783,724,714,686,727,726,665,671,684,697,651,671,599,521,563,475,566,664,565,672,645,572,767,673
Irvine,Scotland West Coast,Minor Port,z,z,z,z,z,z,z,z,z,8,7,7,6,3,3,2,2,1,z,z,z,z,z,z,z,z,z,z,z,z,z,z,z,z,z,z,z,z,z,z,z,z,z,z,z,z,z,z,z,z
Killyleagh,Northern Ireland,Minor Port,z,z,z,z,z,z,z,z,z,z,z,z,z,z,z,10,6,4,z,z,z,z,z,z,z,z,z,z,z,z,z,z,z,z,z,z,z,z,z,z,z,z,z,z,z,z,z,z,z,z
Kilroot,Northern Ireland,Minor Port,z,z,z,z,z,z,z,z,z,z,z,z,z,z,z,204,188,254,298,195,322,389,399,422,324,193,239,334,385,245,305,325,428,275,178,406,414,562,467,291,447,217,444,327,262,621,326,285,479,299
King's Lynn,Wash & Northern E Anglia,Minor Port,786,713,"1,032",995,"1,059","1,105","1,027",973,"1,044","1,092","1,012","1,068","1,030","1,343","1,408","1,345","1,186","1,168","1,106","1,066","1,057","1,059",954,"1,002",855,883,945,"1,069",873,"1,019","1,052",718,"1,008",613,578,771,662,723,582,531,459,475,475,508,380,382,410,487,496,421
Kirkcudbright,Scotland West Coast,Minor Port,z,z,z,z,z,z,z,z,z,z,z,z,z,z,1,1,1,1,1,z,z,z,z,z,z,z,z,z,z,z,z,z,z,z,z,z,z,z,z,z,z,z,z,z,z,z,z,z,z,z
Kyle of Lochalsh,Scotland West Coast,Minor Port,z,z,z,z,z,z,z,z,z,z,z,z,z,z,z,z,z,z,z,z,z,z,z,z,z,z,z,z,z,z,z,z,z,z,z,z,z,32,3,11,7,39,25,14,9,21,17,15,11,2
Lancaster,Lancs and Cumbria,Minor Port,z,85,49,11,19,108,102,134,73,221,224,409,233,164,189,207,250,213,177,159,141,148,129,129,121,126,112,135,117,130,156,115,111,146,123,113,121,141,134,127,158,151,144,158,145,152,144,139,93,83
Larne Bank Quays,Northern Ireland,Minor Port,z,z,z,z,z,z,z,z,z,z,z,z,z,z,z,81,89,76,61,55,58,57,12,z,z,z,z,z,z,z,z,z,z,z,z,z,z,z,z,z,z,z,z,z,z,z,z,z,z,z
Lerwick,Scotland East Coast,Minor Port,z,z,658,652,601,750,817,861,930,"1,007",881,876,986,765,641,725,810,744,729,772,909,883,901,800,687,559,486,521,979,653,616,590,622,541,615,658,560,568,585,670,823,838,746,629,604,513,548,756,559,599
Littlehampton,Sussex and Hampshire,Minor Port,70,202,407,333,274,316,337,297,275,322,441,387,371,301,345,382,317,319,293,232,197,263,249,225,181,128,173,188,210,224,174,93,61,71,72,78,24,23,33,36,29,30,29,26,17,20,31,13,12,16
Llandulas,West and North Wales,Minor Port,z,z,z,z,z,z,z,z,z,677,677,704,836,973,980,865,838,706,802,828,737,845,820,818,574,697,560,715,660,574,485,369,304,389,340,380,256,331,411,226,344,287,197,167,195,221,233,173,155,101
Llanelli,Bristol Channel,Minor Port,z,z,z,z,z,z,z,z,z,36,19,20,19,15,10,10,10,30,z,z,z,z,z,z,z,z,z,z,z,z,z,z,z,z,z,z,z,z,z,z,z,z,z,z,z,z,z,z,z,z
Loch Carnan,Scotland West Coast,Minor Port,z,z,z,z,z,z,z,z,z,z,z,z,z,z,z,z,z,z,z,z,z,z,z,z,z,z,z,z,z,z,z,z,z,z,9,z,z,z,z,z,z,z,z,z,z,z,z,z,z,z
Lochaline,Scotland West Coast,Minor Port,z,z,z,z,z,z,z,z,z,z,z,z,z,z,z,z,z,98,110,111,113,130,127,130,129,126,110,102,89,77,73,96,85,71,47,57,z,z,z,z,z,z,z,z,z,z,z,z,z,z
Lossiemouth,Scotland East Coast,Minor Port,z,z,z,z,z,z,z,z,z,3,7,25,3,2,3,1,3,2,2,2,1,z,z,z,z,z,z,z,z,z,z,z,z,z,z,z,z,z,z,z,z,z,z,z,z,z,z,z,z,z
Lowestoft,Wash & Northern E Anglia,Minor Port,201,235,278,246,348,361,319,365,498,496,470,474,496,644,578,484,588,525,475,550,595,497,520,653,378,269,456,439,319,309,370,242,242,323,237,169,141,178,103,84,89,104,126,89,53,29,90,64,11,14
Macduff,Scotland East Coast,Minor Port,z,z,z,z,z,z,z,z,z,31,45,49,43,55,32,28,34,42,34,38,45,49,35,20,14,20,15,20,9,16,8,8,7,7,5,9,2,0,0,0,0,0,0,z,z,z,z,z,z,z
Magheramorne,Northern Ireland,Minor Port,z,z,z,z,z,z,z,z,z,z,z,z,z,z,z,242,78,122,75,65,175,94,109,117,116,113,115,83,10,z,z,z,z,z,z,z,z,z,z,z,z,z,z,z,z,z,z,z,z,z
Maldon,Thames and Kent,Minor Port,z,z,z,z,z,z,z,z,z,40,27,18,14,22,19,19,19,14,9,6,5,1,1,3,6,6,13,12,4,4,10,7,6,1,0,0,0,0,LOW,0,0,0,LOW,0,LOW,0,0,LOW,LOW,1
Mistley,Haven,Minor Port,z,z,59,72,111,230,121,210,205,240,221,275,191,444,306,464,374,318,229,239,279,247,245,214,217,217,144,150,163,116,116,135,155,160,174,161,108,176,141,134,150,183,144,133,146,141,110,75,88,75
Montrose,Scotland East Coast,Minor Port,z,z,401,510,531,404,479,508,689,743,662,717,663,654,656,570,795,644,614,674,606,609,679,652,616,561,614,721,675,728,798,777,697,640,582,609,423,512,488,518,588,601,493,504,444,534,534,559,589,515
Mostyn,West and North Wales,Minor Port,103,173,135,168,168,199,203,142,210,217,205,230,241,212,235,268,387,304,270,280,200,213,131,125,320,326,359,310,309,871,944,656,203,180,154,139,21,54,69,11,123,45,13,26,7,4,3,9,2,1
Neath,Bristol Channel,Minor Port,z,289,253,269,294,226,156,221,186,195,333,670,765,785,774,818,908,860,779,596,604,539,535,541,525,506,474,466,504,369,383,416,406,464,420,274,206,318,364,253,216,225,192,262,223,122,27,40,85,43
Newlyn,West Country,Minor Port,z,z,z,z,z,z,z,z,z,83,91,73,99,105,95,41,127,18,7,7,6,6,z,z,z,z,z,z,z,z,z,z,z,z,z,z,z,z,z,z,z,z,z,z,z,z,z,z,z,z
"Newport, Isle of Wight",Sussex and Hampshire,Minor Port,z,z,z,z,z,z,z,z,z,95,97,89,92,98,111,66,112,53,47,40,37,36,42,33,32,31,41,37,24,10,14,7,10,12,12,11,11,11,10,14,16,15,22,19,18,20,10,9,8,7
Padstow,West Country,Minor Port,z,z,z,z,z,z,z,z,z,1,19,27,27,30,18,36,110,59,73,40,35,35,45,0,100,80,60,48,35,0,81,64,78,100,115,160,118,126,159,168,163,164,191,199,216,181,206,182,192,186
Par,West Country,Minor Port,940,"1,113",641,697,746,825,866,790,670,642,571,628,594,584,613,723,671,753,799,635,688,696,695,610,605,549,605,558,485,479,348,337,315,209,58,z,z,z,z,z,z,z,z,z,z,z,z,z,z,z
Penarth,Bristol Channel,Minor Port,285,366,223,281,277,245,206,204,197,245,215,181,92,z,z,z,z,z,z,z,z,z,z,z,z,z,z,z,z,z,z,z,z,z,z,z,z,z,z,z,z,z,z,z,z,z,z,z,z,z
Penryn,West Country,Minor Port,z,z,z,z,z,z,z,z,z,z,z,z,z,z,z,z,z,z,z,z,z,z,z,4,3,~,2,2,1,2,1,z,z,z,z,z,z,z,z,z,z,z,z,z,z,z,z,z,z,z
Penzance,West Country,Minor Port,z,z,z,z,z,z,z,z,z,21,8,8,23,21,18,17,14,12,22,10,9,8,9,10,10,10,11,13,13,12,14,15,15,15,20,17,12,21,21,17,13,14,18,16,15,15,14,11,19,15
Perth,Scotland East Coast,Minor Port,149,186,183,172,133,93,63,81,82,127,160,323,314,314,319,336,356,312,329,271,251,261,238,195,161,240,242,266,218,176,144,159,139,148,144,141,125,103,74,62,60,61,63,33,31,12,29,23,16,6
Port Askaig,Scotland West Coast,Minor Port,z,z,z,z,z,z,z,z,z,z,1,~,1,1,1,2,3,4,3,1,1,1,z,z,z,z,z,z,z,z,z,z,z,z,z,z,z,z,z,z,z,z,z,z,z,z,z,z,z,z
Port Penrhyn,West and North Wales,Minor Port,z,z,z,z,z,z,z,z,z,61,86,79,58,55,93,106,129,90,54,54,70,86,81,180,57,90,58,61,63,60,60,59,57,56,58,65,28,58,61,66,49,45,35,47,40,38,36,21,16,10
Porthoustock,West Country,Minor Port,z,z,z,z,z,z,z,z,z,z,z,z,z,z,z,z,z,z,z,z,z,z,z,z,z,z,z,z,z,81,71,70,70,0,209,174,190,250,217,162,69,78,82,74,15,60,76,86,81,52
Portrush,Northern Ireland,Minor Port,z,z,z,z,z,z,z,z,z,z,z,z,z,z,z,12,4,4,3,3,2,3,0,4,1,z,z,z,z,z,z,z,z,z,z,z,z,z,z,z,z,z,z,z,z,z,z,z,z,z
Preston,Lancs and Cumbria,Minor Port,z,"2,207","1,206",954,965,886,"1,017",749,180,z,z,z,z,z,z,z,z,z,z,z,z,z,z,z,z,z,z,z,z,z,z,z,z,z,z,z,z,z,z,z,z,z,z,z,z,z,z,z,z,z
Red Bay,Northern Ireland,Minor Port,z,z,z,z,z,z,z,z,z,z,z,z,z,z,z,2,1,1,1,1,z,z,z,z,z,z,z,z,z,z,z,z,z,z,z,z,z,z,z,z,z,z,z,z,z,z,z,z,z,z
River Ouse [Note 5],Humber,Minor Port,z,z,z,z,z,z,z,510,632,721,721,821,920,"1,046","1,039",882,753,"1,043",594,486,534,515,557,601,582,412,247,302,197,181,236,238,217,234,282,226,196,241,182,157,106,170,188,184,161,158,119,94,96,92
Rye,Thames and Kent,Minor Port,z,z,z,z,z,z,z,z,z,137,124,126,129,57,70,65,43,51,175,145,120,42,57,12,0,0,0,0,133,108,74,72,64,0,70,58,73,102,66,35,36,52,46,60,63,70,58,72,78,67
Sandwich,Thames and Kent,Minor Port,z,z,z,z,z,z,z,z,z,20,19,179,117,85,23,106,157,200,303,314,326,307,311,36,z,z,z,z,z,z,z,z,z,z,z,z,z,z,z,z,z,z,z,z,z,z,z,z,z,z
Scalloway [Note 6],Scotland East Coast,Minor Port,z,z,z,z,z,z,z,z,z,z,z,z,z,z,z,z,z,z,z,z,z,z,z,z,z,z,z,z,z,z,z,z,z,z,z,z,32,24,23,14,33,32,50,25,26,25,26,11,23,20
Scrabster,Scotland East Coast,Minor Port,z,z,z,z,z,z,z,z,z,74,72,77,84,125,91,94,101,108,102,92,78,86,88,94,113,108,126,124,117,121,100,116,107,82,94,113,114,103,130,119,112,134,107,94,134,128,127,152,113,101
Seaham,North East,Minor Port,"1,298",509,714,532,489,334,369,497,798,895,833,595,897,924,759,821,765,792,663,469,508,519,570,511,608,521,493,506,536,314,459,434,505,530,554,499,397,453,451,544,615,572,602,557,522,524,477,464,428,345
Sharpness,Bristol Channel,Minor Port,903,798,833,799,911,987,984,980,972,984,879,833,730,606,626,680,631,499,334,335,393,310,398,373,414,410,427,598,541,564,552,539,498,458,490,467,438,412,514,428,456,555,487,451,432,421,508,467,436,456
Shotton,West and North Wales,Minor Port,z,z,z,z,z,z,z,z,z,17,29,40,28,53,70,86,100,94,61,27,62,31,1,1,1,1,z,z,z,z,z,z,z,z,z,z,z,z,z,z,z,z,z,z,z,z,z,z,z,z
Silloth,Lancs and Cumbria,Minor Port,84,97,89,89,118,100,100,68,74,99,116,116,109,125,133,89,60,50,47,73,99,125,126,150,147,155,231,168,141,134,155,168,170,171,180,148,174,228,208,184,181,166,124,142,128,167,165,117,122,84
Stornoway,Scotland West Coast,Minor Port,z,z,z,z,z,z,z,z,z,66,120,126,122,136,124,129,111,122,118,111,121,119,71,66,138,231,225,241,243,231,230,237,244,233,232,240,236,258,298,284,213,242,232,217,201,189,218,199,237,298
Sutton Bridge,Wash & Northern E Anglia,Minor Port,z,z,z,z,z,z,z,z,z,z,z,z,z,z,47,354,617,593,615,741,687,793,828,852,844,913,846,817,695,669,746,571,534,593,609,530,440,443,430,415,449,402,391,374,371,322,210,195,109,0
Tayport,Scotland East Coast,Minor Port,z,z,z,z,z,z,z,z,z,8,3,z,z,z,z,z,z,z,z,z,z,z,z,z,z,z,z,z,z,z,z,z,z,z,z,z,z,z,z,z,z,z,z,z,z,z,z,z,z,z
Teignmouth,West Country,Minor Port,338,436,380,414,407,447,482,502,587,624,527,719,608,531,498,484,583,889,655,651,634,628,691,586,665,665,654,657,660,641,641,569,595,683,639,589,402,406,380,373,394,389,359,341,451,464,373,379,399,341
Torquay,West Country,Minor Port,z,z,z,z,z,z,z,z,z,z,33,41,38,10,16,8,5,6,5,10,5,1,~,z,z,z,z,z,z,z,z,z,z,z,z,z,z,z,z,z,z,z,z,z,z,LOW,LOW,0,0,0
Troon,Scotland West Coast,Minor Port,z,z,z,z,z,z,z,z,z,47,3,9,4,2,4,6,1,1,0,1,11,15,10,6,11,17,21,36,416,531,485,319,287,469,520,463,477,749,144,114,105,123,108,111,111,104,135,95,95,94
Truro,West Country,Minor Port,z,z,z,z,z,z,z,z,z,24,17,5,17,24,41,47,53,25,38,31,33,33,42,31,31,32,35,31,33,49,49,51,23,22,19,26,24,22,26,7,11,10,5,10,17,13,13,10,8,4
Ullapool [Note 9],Scotland West Coast,Minor Port,,,,,,,,,,,,,,,,,,,,,,,,,,,,z,z,z,z,z,z,z,z,z,z,z,z,z,z,z,z,280,290,275,303,289,331,301
Wallasea,Thames and Kent,Minor Port,z,z,45,43,56,77,87,87,113,118,135,124,100,104,92,93,136,75,65,79,128,145,169,141,87,120,128,146,149,165,175,176,196,233,221,162,80,139,130,170,153,157,138,146,174,161,187,180,220,195
Warkworth,North East,Minor Port,244,16,21,6,0,1,0,0,0,z,z,z,z,z,z,z,z,z,z,z,z,z,z,z,z,z,z,z,z,z,z,z,z,z,z,z,z,z,z,z,z,z,z,z,z,z,z,z,z,z
Watchet,Bristol Channel,Minor Port,z,61,82,108,120,113,123,142,128,114,91,112,107,109,96,103,121,108,99,79,4,z,z,z,z,z,z,z,z,z,z,z,z,z,z,z,z,z,z,z,z,z,z,z,z,z,z,z,z,z
Wells,Wash & Northern E Anglia,Minor Port,z,z,z,z,z,z,z,z,z,98,93,92,104,102,101,78,61,23,7,25,2,2,1,1,z,z,z,z,z,z,z,z,z,z,z,z,z,z,z,z,z,z,z,z,z,z,z,z,z,z
Weymouth & Portland [Note 7],West Country,Minor Port,z,z,z,z,z,z,z,z,z,58,75,107,105,78,60,88,57,83,50,79,61,104,120,74,59,86,51,84,85,70,87,88,190,240,279,160,178,152,146,144,104,158,170,387,478,511,530,464,520,674
Whitby & Scarborough,North East,Minor Port,111,142,36,213,204,165,198,198,162,166,212,242,223,213,209,211,250,164,121,97,78,75,86,63,75,65,62,39,0,0,2,4,z,z,z,z,z,z,z,z,z,z,z,z,z,z,z,z,z,z
Whitehaven,Lancs and Cumbria,Minor Port,375,596,471,562,523,598,640,733,688,551,679,516,457,419,414,421,477,550,440,128,4,12,5,z,z,z,z,z,z,z,z,z,z,z,z,z,z,z,z,z,z,z,z,z,z,z,z,z,z,z
Whitstable,Thames and Kent,Minor Port,z,141,233,170,182,197,185,196,211,216,226,246,195,209,208,394,498,305,302,376,297,271,209,224,387,306,153,170,189,159,129,103,81,121,79,70,70,77,47,39,47,51,49,55,68,74,63,48,71,66
Wick,Scotland East Coast,Minor Port,z,z,z,z,z,z,z,z,z,36,45,39,32,19,26,25,29,37,34,29,44,39,58,58,50,47,51,59,42,39,42,42,29,40,29,19,19,16,35,35,31,74,33,26,21,18,29,16,8,4
Wisbech,Wash & Northern E Anglia,Minor Port,104,147,351,225,234,235,219,210,235,270,199,232,221,141,143,107,149,80,83,84,69,71,55,67,46,61,59,50,54,59,49,57,75,56,63,58,31,36,54,57,49,56,70,62,82,109,106,97,122,94
Workington,Lancs and Cumbria,Minor Port,893,990,249,318,356,340,400,329,718,701,524,640,574,463,437,697,584,518,501,479,528,579,587,570,565,623,563,636,418,430,258,180,246,200,182,132,154,126,172,196,238,278,252,219,278,347,319,310,287,286
Other ports [Note 9],Other ports [Note 9],Minor Port,"17,658","14,007","21,775","15,040","17,981","21,026","22,572","23,616","25,127",z,z,z,z,z,z,z,z,z,z,z,z,z,z,z,z,z,z,z,z,z,z,z,z,z,z,z,z,z,z,z,z,z,z,z,z,z,z,z,z,z
Total Minor ports,Total Minor ports,Minor Port,"23,686","22,509","28,658","21,888","25,154","28,089","29,789","31,338","33,362","31,667","28,698","30,682","34,631","33,876","33,573","27,401","26,538","24,441","21,899","19,154","19,047","19,274","19,068","17,758","16,932","17,466","16,345","17,438","16,912","15,833","16,283","14,577","14,396","14,499","14,886","14,087","11,324","13,367","12,499","11,410","11,569","11,315","10,978","11,276","11,132","11,249","10,751","9,870","10,267","9,334"
England Total,England Total,All Ports,z,z,z,"261,418","256,141","261,673","270,123","258,478","248,585","247,888","251,656","255,048","259,295","269,511","274,238","305,411","313,335","321,349","320,897","319,058","326,071","336,032","343,878","342,500","361,563","367,560","357,652","363,212","366,645","362,409","370,138","378,872","392,286","400,517","399,085","386,534","340,792","343,386","353,318","346,534","347,079","353,037","345,071","336,979","335,768","340,405","335,406","301,574","311,012","317,868"
Wales Total,Wales Total,All Ports,z,z,z,"64,814","60,965","65,566","68,466","62,101","56,900","59,874","53,469","59,320","61,382","58,571","63,114","57,794","57,699","56,370","60,841","60,410","60,069","58,220","57,160","63,212","62,307","56,150","56,578","57,892","54,734","52,020","52,613","60,051","59,310","56,673","56,598","55,790","53,723","60,741","65,513","54,631","58,931","53,679","56,358","53,547","51,638","49,155","52,940","51,260","47,046","53,870"
Scotland Total,Scotland Total,All Ports,z,z,z,"34,094","53,079","65,197","88,193","91,435","99,568","110,611","120,986","130,406","128,745","124,637","119,449","113,693","94,353","97,576","96,065","98,586","101,212","123,806","126,847","125,254","115,069","124,713","130,100","130,512","123,820","122,156","110,535","110,444","108,890","101,587","101,952","96,346","85,580","84,818","77,413","76,138","71,992","71,381","69,968","66,972","67,275","65,358","66,761","58,950","58,079","59,249"
Great Britain Total,Great Britain Total,All Ports,"319,212","370,025","340,145","360,326","370,185","392,436","426,782","412,014","405,053","418,373","426,112","444,774","449,422","452,719","456,802","476,898","465,387","475,295","477,803","478,055","487,351","518,058","527,885","530,967","538,939","548,423","544,330","551,616","545,199","536,585","533,287","549,367","560,486","558,777","557,636","538,669","480,095","488,944","496,243","477,304","478,002","478,097","471,397","457,498","454,681","454,918","455,106","411,784","416,136","430,987"
Northern Ireland Total,Northern Ireland Total,All Ports,z,z,z,z,z,z,z,"12,065","11,001","11,711","12,418","12,171","13,481","13,781","14,798","15,202","15,484","16,673","16,828","17,595","18,873","20,072","20,345","20,276","19,591","20,079","21,284","21,434","21,167","21,363","21,973","23,393","24,055","24,485","23,868","23,497","20,786","22,911","23,252","23,556","25,322","25,073","25,311","26,550","27,134","28,388","27,384","27,079","29,517","27,944"
United Kingdom Total,United Kingdom Total,All Ports,z,z,z,z,z,z,z,"424,079","416,054","430,084","438,530","456,945","462,903","466,500","471,600","492,100","480,871","491,968","494,631","495,651","506,224","538,130","548,230","551,243","558,530","568,502","565,614","573,050","566,366","557,947","555,260","572,760","584,541","583,261","581,504","562,166","500,881","511,855","519,495","500,860","503,324","503,171","496,708","484,048","481,815","483,305","482,490","438,864","445,653","458,931"
,,,,,,,,,,,,,,,,,,,,,,,,,,,,,,,,,,,,,,,,,,,,,,,,,,,,
,,,,,,,,,,,,,,,,,,,,,,,,,,,,,,,,,,,,,,,,,,,,,,,,,,,,
,,,,,,,,,,,,,,,,,,,,,,,,,,,,,,,,,,,,,,,,,,,,,,,,,,,,
,,,,,,,,,,,,,,,,,,,,,,,,,,,,,,,,,,,,,,,,,,,,,,,,,,,,
,,,,,,,,,,,,,,,,,,,,,,,,,,,,,,,,,,,,,,,,,,,,,,,,,,,,
,,,,,,,,,,,,,,,,,,,,,,,,,,,,,,,,,,,,,,,,,,,,,,,,,,,,
,,,,,,,,,,,,,,,,,,,,,,,,,,,,,,,,,,,,,,,,,,,,,,,,,,,,
,,,,,,,,,,,,,,,,,,,,,,,,,,,,,,,,,,,,,,,,,,,,,,,,,,,,
,,,,,,,,,,,,,,,,,,,,,,,,,,,,,,,,,,,,,,,,,,,,,,,,,,,,
,,,,,,,,,,,,,,,,,,,,,,,,,,,,,,,,,,,,,,,,,,,,,,,,,,,,
,,,,,,,,,,,,,,,,,,,,,,,,,,,,,,,,,,,,,,,,,,,,,,,,,,,,
,,,,,,,,,,,,,,,,,,,,,,,,,,,,,,,,,,,,,,,,,,,,,,,,,,,,
,,,,,,,,,,,,,,,,,,,,,,,,,,,,,,,,,,,,,,,,,,,,,,,,,,,,
,,,,,,,,,,,,,,,,,,,,,,,,,,,,,,,,,,,,,,,,,,,,,,,,,,,,
,,,,,,,,,,,,,,,,,,,,,,,,,,,,,,,,,,,,,,,,,,,,,,,,,,,,
,,,,,,,,,,,,,,,,,,,,,,,,,,,,,,,,,,,,,,,,,,,,,,,,,,,,
,,,,,,,,,,,,,,,,,,,,,,,,,,,,,,,,,,,,,,,,,,,,,,,,,,,,
,,,,,,,,,,,,,,,,,,,,,,,,,,,,,,,,,,,,,,,,,,,,,,,,,,,,
,,,,,,,,,,,,,,,,,,,,,,,,,,,,,,,,,,,,,,,,,,,,,,,,,,,,
,,,,,,,,,,,,,,,,,,,,,,,,,,,,,,,,,,,,,,,,,,,,,,,,,,,,
,,,,,,,,,,,,,,,,,,,,,,,,,,,,,,,,,,,,,,,,,,,,,,,,,,,,
,,,,,,,,,,,,,,,,,,,,,,,,,,,,,,,,,,,,,,,,,,,,,,,,,,,,
,,,,,,,,,,,,,,,,,,,,,,,,,,,,,,,,,,,,,,,,,,,,,,,,,,,,
,,,,,,,,,,,,,,,,,,,,,,,,,,,,,,,,,,,,,,,,,,,,,,,,,,,,